pilot_order,arxiv_id,arxiv_version,inspire_id,eprint_year,title,authors,doi,arxiv_published,arxiv_updated,arxiv_url,arxiv_pdf_url,inspire_url,local_pdf_path,local_pdf_filename,local_pdf_bytes,local_pdf_pages,sha256,pdf_status,series,series_role,selection_basis,selection_confidence,curation_note,metadata_verification
1,1911.00807,v3,1762868,2019,Superfield Component Decompositions and the Scan for Prepotential Supermultiplets in 10D Superspaces,"S. James Gates, Jr. | Yangrui Hu | S.-N. Hazel Mak",10.1007/JHEP02(2020)176,2019-11-03,2020-01-30,https://arxiv.org/abs/1911.00807,https://arxiv.org/pdf/1911.00807,https://inspirehep.net/literature/1762868,/Users/brandon/Documents/S_James_Gates_Publications/pdfs/2019_1911.00807_Superfield_Component_Decompositions_and_the_Scan_for_Prepotential_Supermultiplets_in_10D_S.pdf,2019_1911.00807_Superfield_Component_Decompositions_and_the_Scan_for_Prepotential_Supermultiplets_in_10D_S.pdf,1862777,67,ef3cf1d71b17eec8038c78b4745f4d8410e52b629cbc9c661e26a5248f945af6,verified_local_pdf,adynkra_sequence,"Higher-dimensional Adinkra precursor: presents explicit 10D scalar-superfield decompositions and defines Adinkra graphs whose nodes carry SO(1,9) spin-bundle representations.",One of the four papers designated for the original Adynkra sequence in the pilot.,confirmed_for_pilot,,local_pdf_title_page | local_master_manifest | arxiv_atom_api_2026-07-20
2,2002.08502,v7,1781516,2020,"Adinkra Foundation of Component Decomposition and the Scan for Superconformal Multiplets in 11D, N = 1 Superspace","S. James Gates, Jr. | Yangrui Hu | S.-N. Hazel Mak",10.1007/JHEP09(2020)089,2020-02-20,2020-05-12,https://arxiv.org/abs/2002.08502,https://arxiv.org/pdf/2002.08502,https://inspirehep.net/literature/1781516,/Users/brandon/Documents/S_James_Gates_Publications/pdfs/2020_2002.08502_Adinkra_foundation_of_component_decomposition_and_the_scan_for_superconformal_multiplets_i.pdf,2020_2002.08502_Adinkra_foundation_of_component_decomposition_and_the_scan_for_superconformal_multiplets_i.pdf,1449842,70,62587ef23aa92fd30bb7d978cc4e628275a18dd14fcb10fdf2020906638e554c,verified_local_pdf,adynkra_sequence,Adinkra-based 11D component-decomposition foundation and scan for superconformal multiplets.,One of the four papers designated for the original Adynkra sequence in the pilot.,confirmed_for_pilot,,local_pdf_title_page | local_master_manifest | arxiv_atom_api_2026-07-20
3,2006.03609,v2,1799870,2020,"Advening to Adynkrafields: Young Tableaux to Component Fields of the 10D, N = 1 Scalar Superfield","S. James Gates, Jr. | Yangrui Hu | S.-N. Hazel Mak",10.4310/ATMP.2021.v25.n6.a3,2020-06-05,2020-07-20,https://arxiv.org/abs/2006.03609,https://arxiv.org/pdf/2006.03609,https://inspirehep.net/literature/1799870,/Users/brandon/Documents/S_James_Gates_Publications/pdfs/2020_2006.03609_Advening_to_adynkrafields_Young_tableaux_to_component_fields_of_the_10D_N_1_scalar_superfi.pdf,2020_2006.03609_Advening_to_adynkrafields_Young_tableaux_to_component_fields_of_the_10D_N_1_scalar_superfi.pdf,1914190,78,a0f8f334810db48d14f4815724b5e826befad9cd142376cd05b82c110a5da048,verified_local_pdf,adynkra_sequence,"Introduces Adynkras and Adynkrafields using Dynkin labels, Young tableaux, and component-field index structures.",One of the four papers designated for the original Adynkra sequence in the pilot.,confirmed_for_pilot,,local_pdf_title_page | local_master_manifest | arxiv_atom_api_2026-07-20
4,2007.07390,v2,1807004,2020,Component Decompositions and Adynkra Libraries for Supermultiplets in Lower Dimensional Superspaces,"S. James Gates, Jr. | Yangrui Hu | S.-N. Hazel Mak",10.1007/JHEP09(2021)202,2020-07-14,2021-08-21,https://arxiv.org/abs/2007.07390,https://arxiv.org/pdf/2007.07390,https://inspirehep.net/literature/1807004,/Users/brandon/Documents/S_James_Gates_Publications/pdfs/2020_2007.07390_Component_decompositions_and_adynkra_libraries_for_supermultiplets_in_lower_dimensional_su.pdf,2020_2007.07390_Component_decompositions_and_adynkra_libraries_for_supermultiplets_in_lower_dimensional_su.pdf,2174761,66,8d6a2a46228cc2db047c7e578ae19a11a5be9163d9d9cf3ea1f4d2cd7809f7e9,verified_local_pdf,adynkra_sequence,Presents Adynkra libraries for component-field embeddings in Salam-Strathdee superfields from dimension nine through dimension four.,One of the four papers designated for the original Adynkra sequence in the pilot.,confirmed_for_pilot,,local_pdf_title_page | local_master_manifest | arxiv_atom_api_2026-07-20
5,2012.13308,v6,1838225,2020,"The 300 “Correlators” Suggests 4D, N = 1 SUSY Is a Solution to a Set of Sudoku Puzzles","Aleksander J. Cianciara | S. James Gates, Jr. | Yangrui Hu | Renée Kirk",10.1007/JHEP05(2021)077,2020-12-24,2021-04-13,https://arxiv.org/abs/2012.13308,https://arxiv.org/pdf/2012.13308,https://inspirehep.net/literature/1838225,/Users/brandon/Documents/S_James_Gates_Publications/pdfs/2020_2012.13308_The_300_correlators_suggests_4D_N_1_SUSY_is_a_solution_to_a_set_of_Sudoku_puzzles.pdf,2020_2012.13308_The_300_correlators_suggests_4D_N_1_SUSY_is_a_solution_to_a_set_of_Sudoku_puzzles.pdf,3409914,38,b75a70b4642ba62f973993d37da2310a374de3b0b3f86d18bcd81c11e08a7957,verified_local_pdf,permutahedron_sequence,"Studies the S4 permutahedron with 24 vertices, its six four-permutation subsets, and the four-color formulation of minimal 4D, N = 1 off-shell supersymmetry representations.",Confirmed as the fourth paper in the supplied four-paper set.,confirmed,Confirmed as the fourth paper. Its S4 and 24-vertex subject supplies the smaller permutahedron analysis used by 2012.14015 and 2304.09830.,local_pdf_title_page | local_master_manifest | arxiv_atom_api_2026-07-20 | user_confirmation_2026-07-20
6,2012.14015,v7,1838426,2020,"A Note On Exemplary Off-Shell Constructions Of 4D, N = 2 Supersymmetry Representations","Devin D. Bristow | John H. Caporaletti | Aleksander J. Cianciara | S. James Gates, Jr. | Delina Levine | Gabriel Yerger",10.1007/JHEP04(2022)104,2020-12-27,2022-01-24,https://arxiv.org/abs/2012.14015,https://arxiv.org/pdf/2012.14015,https://inspirehep.net/literature/1838426,/Users/brandon/Documents/S_James_Gates_Publications/pdfs/2020_2012.14015_A_note_on_exemplary_off_shell_constructions_of_4D_N_2_supersymmetry_representations.pdf,2020_2012.14015_A_note_on_exemplary_off_shell_constructions_of_4D_N_2_supersymmetry_representations.pdf,2129448,15,67606499dda53ff78e3d80ca405498d8d1e2fd060936605fac04804ca7cd9b47,verified_local_pdf,permutahedron_sequence,"Studies S8 permutations and Height Yielding Matrix Numbers for combinations of off-shell 4D, N = 1 multiplets into off-shell 4D, N = 2 multiplets; relates the S4 24-vertex and S8 40,320-vertex permutahedra.",One of the three distinct arXiv papers explicitly linked by Gates.,confirmed_explicit_link,,local_pdf_title_page | local_master_manifest | arxiv_atom_api_2026-07-20
7,2304.09830,v2,2652632,2023,N = 2 SUSY & the Hexipentisteriruncicantitruncated 7-Simplex,"Aleksander J. Cianciara | Zachary Coleman | S. James Gates, Jr. | Youngik (Tom) Lee | Ziyang Zhang",,2023-04-19,2023-04-24,https://arxiv.org/abs/2304.09830,https://arxiv.org/pdf/2304.09830,https://inspirehep.net/literature/2652632,/Users/brandon/Documents/S_James_Gates_Publications/pdfs/2023_2304.09830_cal_N_2_SUSY_and_the_Hexipentisteriruncicantitruncated_7_Simplex.pdf,2023_2304.09830_cal_N_2_SUSY_and_the_Hexipentisteriruncicantitruncated_7_Simplex.pdf,4138303,36,d68c14ad31e824b52076bd4be078c6aec0167f0a622c55c4a9d4d2a6d2ef2a34,verified_local_pdf,permutahedron_sequence,"Introduces hopping operators and partitions the 8! vertices of the S8 permutahedron into 5,040 octets; studies higher-order permutahedron faces and lower-order supermultiplets.",One of the three distinct arXiv papers explicitly linked by Gates.,confirmed_explicit_link,,local_pdf_title_page | local_master_manifest | arxiv_atom_api_2026-07-20
8,2311.06842,v1,2721972,2023,Unfolded Adinkra Properties of Supermultiplets (I),"Aleksander J. Cianciara | S. James Gates, Jr. | Youngik (Tom) Lee | Ethan T. Levy | Tarek O. Razzaz | Jacob Richardson",,2023-11-12,2023-11-12,https://arxiv.org/abs/2311.06842,https://arxiv.org/pdf/2311.06842,https://inspirehep.net/literature/2721972,/Users/brandon/Documents/S_James_Gates_Publications/pdfs/2023_2311.06842_Unfolded_Adinkra_Properties_of_Supermultiplets_I.pdf,2023_2311.06842_Unfolded_Adinkra_Properties_of_Supermultiplets_I.pdf,6039877,52,346e5c3863f81d4afc8d0faf90a0f23c805062a21e9aebc1b32c96a1dd1b6e86,verified_local_pdf,unfolded_adinkra,"Introduces infinite unfolded Adinkras, net-centric quantities, and Adinkra vorticity for familiar 4D, N = 1 supermultiplets.",One of the three distinct arXiv papers explicitly linked by Gates.,confirmed_explicit_link,,local_pdf_title_page | local_master_manifest | arxiv_atom_api_2026-07-20
9,2407.09334,v1,2807436,2024,"Adynkra Genomes, Adynkrafields, and the 4D, N = 1 Supergravity Superfield Prepotential","S. James Gates, Jr. | Yangrui Hu",,2024-07-12,2024-07-12,https://arxiv.org/abs/2407.09334,https://arxiv.org/pdf/2407.09334,https://inspirehep.net/literature/2807436,/Users/brandon/Documents/S_James_Gates_Publications/pdfs/2024_2407.09334_Adynkra_Genomes_Adynkrafields_and_the_4D_cal_N_1_Supergravity_Superfield_Prepotential.pdf,2024_2407.09334_Adynkra_Genomes_Adynkrafields_and_the_4D_cal_N_1_Supergravity_Superfield_Prepotential.pdf,435439,23,64f0ae888933a8a6ff7b768c73d21656baa557ef7b089aab9f6252129ee58f81,verified_local_pdf,adynkra_sequence,"Later continuation applying Adynkra genomes and Adynkrafields to the 4D, N = 1 supergravity superfield prepotential.",Later Adynkra continuation designated for the pilot.,confirmed_for_pilot,,local_pdf_title_page | local_master_manifest | arxiv_atom_api_2026-07-20
